<?xml version="1.0" encoding="utf-8" ?>
<dwsync>
<file name="comment-1.png" server="ftp.joyancy.com" local="132732519913080670" remote="132753953400000000" Dst="0" />
<file name="cross-out.png" server="ftp.joyancy.com" local="132732519927888494" remote="132753953400000000" Dst="0" />
<file name="icon-1.png" server="ftp.joyancy.com" local="132732519932306727" remote="132753953400000000" Dst="0" />
<file name="icon-2.png" server="ftp.joyancy.com" local="132732519941654581" remote="132753953400000000" Dst="0" />
<file name="preloader.svg" server="ftp.joyancy.com" local="132732519943789248" remote="132753953400000000" Dst="0" />
<file name="comment-1.png" server="ftp.aldale.com" local="132732519913080670" remote="132758284200000000" Dst="0" />
<file name="cross-out.png" server="ftp.aldale.com" local="132732519927888494" remote="132758284200000000" Dst="0" />
<file name="icon-1.png" server="ftp.aldale.com" local="132732519932306727" remote="132758284200000000" Dst="0" />
<file name="icon-2.png" server="ftp.aldale.com" local="132732519941654581" remote="132758284200000000" Dst="0" />
<file name="preloader.svg" server="ftp.aldale.com" local="132732519943789248" remote="132758284200000000" Dst="0" />
</dwsync>