<?xml version="1.0" encoding="utf-8" ?>
<dwsync>
<file name="admin-1.jpg" server="ftp.joyancy.com" local="132729826800000000" remote="132753953400000000" Dst="0" />
<file name="admin-2.jpg" server="ftp.joyancy.com" local="132729826800000000" remote="132753953400000000" Dst="0" />
<file name="admin-3.jpg" server="ftp.joyancy.com" local="132729826800000000" remote="132753953400000000" Dst="0" />
<file name="author-1.png" server="ftp.joyancy.com" local="132729826800000000" remote="132753953400000000" Dst="0" />
<file name="author-2.png" server="ftp.joyancy.com" local="132729826800000000" remote="132753953400000000" Dst="0" />
<file name="comment-1.png" server="ftp.joyancy.com" local="132729826800000000" remote="132753953400000000" Dst="0" />
<file name="comment-2.png" server="ftp.joyancy.com" local="132729826800000000" remote="132753953400000000" Dst="0" />
<file name="comment-3.png" server="ftp.joyancy.com" local="132729826800000000" remote="132753953400000000" Dst="0" />
<file name="news-1.jpg" server="ftp.joyancy.com" local="132729826800000000" remote="132753953400000000" Dst="0" />
<file name="news-10.jpg" server="ftp.joyancy.com" local="132729826800000000" remote="132753953400000000" Dst="0" />
<file name="news-11.jpg" server="ftp.joyancy.com" local="132729826800000000" remote="132753954000000000" Dst="0" />
<file name="news-12.jpg" server="ftp.joyancy.com" local="132729826800000000" remote="132753954000000000" Dst="0" />
<file name="news-13.jpg" server="ftp.joyancy.com" local="132729826800000000" remote="132753954000000000" Dst="0" />
<file name="news-14.jpg" server="ftp.joyancy.com" local="132729826800000000" remote="132753954000000000" Dst="0" />
<file name="news-15.jpg" server="ftp.joyancy.com" local="132729826800000000" remote="132753954000000000" Dst="0" />
<file name="news-16.jpg" server="ftp.joyancy.com" local="132729826800000000" remote="132753954000000000" Dst="0" />
<file name="news-17.jpg" server="ftp.joyancy.com" local="132729826800000000" remote="132753954000000000" Dst="0" />
<file name="news-18.jpg" server="ftp.joyancy.com" local="132729826800000000" remote="132753954000000000" Dst="0" />
<file name="news-19.jpg" server="ftp.joyancy.com" local="132729826800000000" remote="132753954000000000" Dst="0" />
<file name="news-2.jpg" server="ftp.joyancy.com" local="132729826800000000" remote="132753954000000000" Dst="0" />
<file name="news-3.jpg" server="ftp.joyancy.com" local="132729826800000000" remote="132753954000000000" Dst="0" />
<file name="news-4.jpg" server="ftp.joyancy.com" local="132729826800000000" remote="132753954000000000" Dst="0" />
<file name="news-5.jpg" server="ftp.joyancy.com" local="132729826800000000" remote="132753954000000000" Dst="0" />
<file name="news-6.jpg" server="ftp.joyancy.com" local="132729826800000000" remote="132753954000000000" Dst="0" />
<file name="news-7.jpg" server="ftp.joyancy.com" local="132729826800000000" remote="132753954000000000" Dst="0" />
<file name="news-8.jpg" server="ftp.joyancy.com" local="132729827400000000" remote="132753954000000000" Dst="0" />
<file name="news-9.jpg" server="ftp.joyancy.com" local="132729827400000000" remote="132753954000000000" Dst="0" />
<file name="post-1.jpg" server="ftp.joyancy.com" local="132729827400000000" remote="132753954000000000" Dst="0" />
<file name="post-2.jpg" server="ftp.joyancy.com" local="132729827400000000" remote="132753954000000000" Dst="0" />
<file name="post-3.jpg" server="ftp.joyancy.com" local="132729827400000000" remote="132753954000000000" Dst="0" />
<file name="admin-1.jpg" server="ftp.aldale.com" local="132729826800000000" remote="132758284200000000" Dst="0" />
<file name="admin-2.jpg" server="ftp.aldale.com" local="132729826800000000" remote="132758284200000000" Dst="0" />
<file name="admin-3.jpg" server="ftp.aldale.com" local="132729826800000000" remote="132758284200000000" Dst="0" />
<file name="author-1.png" server="ftp.aldale.com" local="132729826800000000" remote="132758284200000000" Dst="0" />
<file name="author-2.png" server="ftp.aldale.com" local="132729826800000000" remote="132758284200000000" Dst="0" />
<file name="comment-1.png" server="ftp.aldale.com" local="132729826800000000" remote="132758284200000000" Dst="0" />
<file name="comment-2.png" server="ftp.aldale.com" local="132729826800000000" remote="132758284200000000" Dst="0" />
<file name="comment-3.png" server="ftp.aldale.com" local="132729826800000000" remote="132758284200000000" Dst="0" />
<file name="news-10.jpg" server="ftp.aldale.com" local="132729826800000000" remote="132758284200000000" Dst="0" />
<file name="news-1.jpg" server="ftp.aldale.com" local="132729826800000000" remote="132758284200000000" Dst="0" />
<file name="news-11.jpg" server="ftp.aldale.com" local="132729826800000000" remote="132758284200000000" Dst="0" />
<file name="news-12.jpg" server="ftp.aldale.com" local="132729826800000000" remote="132758284200000000" Dst="0" />
<file name="news-13.jpg" server="ftp.aldale.com" local="132729826800000000" remote="132758284200000000" Dst="0" />
<file name="news-14.jpg" server="ftp.aldale.com" local="132729826800000000" remote="132758284200000000" Dst="0" />
<file name="news-15.jpg" server="ftp.aldale.com" local="132729826800000000" remote="132758284200000000" Dst="0" />
<file name="news-16.jpg" server="ftp.aldale.com" local="132729826800000000" remote="132758284200000000" Dst="0" />
<file name="news-17.jpg" server="ftp.aldale.com" local="132729826800000000" remote="132758284200000000" Dst="0" />
<file name="news-18.jpg" server="ftp.aldale.com" local="132729826800000000" remote="132758284200000000" Dst="0" />
<file name="news-19.jpg" server="ftp.aldale.com" local="132729826800000000" remote="132758284200000000" Dst="0" />
<file name="news-2.jpg" server="ftp.aldale.com" local="132729826800000000" remote="132758284200000000" Dst="0" />
<file name="news-3.jpg" server="ftp.aldale.com" local="132729826800000000" remote="132758284200000000" Dst="0" />
<file name="news-4.jpg" server="ftp.aldale.com" local="132729826800000000" remote="132758284200000000" Dst="0" />
<file name="news-5.jpg" server="ftp.aldale.com" local="132729826800000000" remote="132758284200000000" Dst="0" />
<file name="news-6.jpg" server="ftp.aldale.com" local="132729826800000000" remote="132758284200000000" Dst="0" />
<file name="news-8.jpg" server="ftp.aldale.com" local="132729827400000000" remote="132758284200000000" Dst="0" />
<file name="news-7.jpg" server="ftp.aldale.com" local="132729826800000000" remote="132758284200000000" Dst="0" />
<file name="news-9.jpg" server="ftp.aldale.com" local="132729827400000000" remote="132758284200000000" Dst="0" />
<file name="post-2.jpg" server="ftp.aldale.com" local="132729827400000000" remote="132758284200000000" Dst="0" />
<file name="post-1.jpg" server="ftp.aldale.com" local="132729827400000000" remote="132758284200000000" Dst="0" />
<file name="post-3.jpg" server="ftp.aldale.com" local="132729827400000000" remote="132758284200000000" Dst="0" />
</dwsync>