<?xml version="1.0" encoding="utf-8" ?>
<dwsync>
<file name="animate.css" server="ftp.joyancy.com" local="132732519557155072" remote="132753953400000000" Dst="0" />
<file name="color.css" server="ftp.joyancy.com" local="132732519559614752" remote="132753953400000000" Dst="0" />
<file name="flaticon.css" server="ftp.joyancy.com" local="132732519566314352" remote="132753953400000000" Dst="0" />
<file name="bootstrap.css" server="ftp.joyancy.com" local="132732519566314352" remote="132753953400000000" Dst="0" />
<file name="font-awesome-all.css" server="ftp.joyancy.com" local="132732519578887413" remote="132753953400000000" Dst="0" />
<file name="jquery.bootstrap-touchspin.css" server="ftp.joyancy.com" local="132732519581185686" remote="132753953400000000" Dst="0" />
<file name="jquery-ui.css" server="ftp.joyancy.com" local="132732519582286338" remote="132753953400000000" Dst="0" />
<file name="jquery.fancybox.min.css" server="ftp.joyancy.com" local="132732519589993312" remote="132753953400000000" Dst="0" />
<file name="nice-select.css" server="ftp.joyancy.com" local="132732519589993312" remote="132753953400000000" Dst="0" />
<file name="owl.css" server="ftp.joyancy.com" local="132732519595868967" remote="132753953400000000" Dst="0" />
<file name="responsive.css" server="ftp.joyancy.com" local="132732519602371968" remote="132753953400000000" Dst="0" />
<file name="rtl.css" server="ftp.joyancy.com" local="132732519603052888" remote="132753953400000000" Dst="0" />
<file name="style.css" server="ftp.joyancy.com" local="132732519609400497" remote="132753953400000000" Dst="0" />
<file name="animate.css" server="ftp.aldale.com" local="132732519557155072" remote="132758283000000000" Dst="0" />
<file name="color.css" server="ftp.aldale.com" local="132732519559614752" remote="132758283000000000" Dst="0" />
<file name="flaticon.css" server="ftp.aldale.com" local="132732519566314352" remote="132758283000000000" Dst="0" />
<file name="bootstrap.css" server="ftp.aldale.com" local="132732519566314352" remote="132758283000000000" Dst="0" />
<file name="font-awesome-all.css" server="ftp.aldale.com" local="132732519578887413" remote="132758283000000000" Dst="0" />
<file name="jquery.bootstrap-touchspin.css" server="ftp.aldale.com" local="132732519581185686" remote="132758283000000000" Dst="0" />
<file name="jquery-ui.css" server="ftp.aldale.com" local="132732519582286338" remote="132758283000000000" Dst="0" />
<file name="jquery.fancybox.min.css" server="ftp.aldale.com" local="132732519589993312" remote="132758283600000000" Dst="0" />
<file name="owl.css" server="ftp.aldale.com" local="132732519595868967" remote="132758283600000000" Dst="0" />
<file name="nice-select.css" server="ftp.aldale.com" local="132732519589993312" remote="132758283600000000" Dst="0" />
<file name="responsive.css" server="ftp.aldale.com" local="132732519602371968" remote="132758283600000000" Dst="0" />
<file name="rtl.css" server="ftp.aldale.com" local="132732519603052888" remote="132758283600000000" Dst="0" />
<file name="style.css" server="ftp.aldale.com" local="132732519609400497" remote="132758283600000000" Dst="0" />
</dwsync>