<?xml version="1.0" encoding="utf-8" ?>
<dwsync>
<file name="appear.js" server="ftp.joyancy.com" local="132729828000000000" remote="132753954000000000" Dst="0" />
<file name="bootstrap.min.js" server="ftp.joyancy.com" local="132729828000000000" remote="132753954000000000" Dst="0" />
<file name="bxslider.js" server="ftp.joyancy.com" local="132729828000000000" remote="132753954000000000" Dst="0" />
<file name="circle-progress.js" server="ftp.joyancy.com" local="132729828000000000" remote="132753954000000000" Dst="0" />
<file name="gmaps.js" server="ftp.joyancy.com" local="132729828000000000" remote="132753954000000000" Dst="0" />
<file name="jquery-ui.js" server="ftp.joyancy.com" local="132729828000000000" remote="132753954000000000" Dst="0" />
<file name="jquery.bootstrap-touchspin.js" server="ftp.joyancy.com" local="132729828000000000" remote="132753954000000000" Dst="0" />
<file name="jquery.countTo.js" server="ftp.joyancy.com" local="132729828000000000" remote="132753954000000000" Dst="0" />
<file name="jquery.fancybox.js" server="ftp.joyancy.com" local="132729828000000000" remote="132753954000000000" Dst="0" />
<file name="jquery.js" server="ftp.joyancy.com" local="132729828000000000" remote="132753954000000000" Dst="0" />
<file name="jquery.nice-select.min.js" server="ftp.joyancy.com" local="132729828000000000" remote="132753954000000000" Dst="0" />
<file name="jquery.paroller.min.js" server="ftp.joyancy.com" local="132729828000000000" remote="132753954000000000" Dst="0" />
<file name="map-helper.js" server="ftp.joyancy.com" local="132729828000000000" remote="132753954000000000" Dst="0" />
<file name="nav-tool.js" server="ftp.joyancy.com" local="132729828000000000" remote="132753954000000000" Dst="0" />
<file name="owl.js" server="ftp.joyancy.com" local="132729828000000000" remote="132753954000000000" Dst="0" />
<file name="pagenav.js" server="ftp.joyancy.com" local="132729828000000000" remote="132753954000000000" Dst="0" />
<file name="popper.min.js" server="ftp.joyancy.com" local="132729828000000000" remote="132753954000000000" Dst="0" />
<file name="script.js" server="ftp.joyancy.com" local="132729828000000000" remote="132753954000000000" Dst="0" />
<file name="scrollbar.js" server="ftp.joyancy.com" local="132729828000000000" remote="132753954000000000" Dst="0" />
<file name="validation.js" server="ftp.joyancy.com" local="132729828000000000" remote="132753954000000000" Dst="0" />
<file name="wow.js" server="ftp.joyancy.com" local="132729828000000000" remote="132753954000000000" Dst="0" />
<file name="appear.js" server="ftp.aldale.com" local="132729828000000000" remote="132758284800000000" Dst="0" />
<file name="bootstrap.min.js" server="ftp.aldale.com" local="132729828000000000" remote="132758284800000000" Dst="0" />
<file name="bxslider.js" server="ftp.aldale.com" local="132729828000000000" remote="132758284800000000" Dst="0" />
<file name="circle-progress.js" server="ftp.aldale.com" local="132729828000000000" remote="132758284800000000" Dst="0" />
<file name="gmaps.js" server="ftp.aldale.com" local="132729828000000000" remote="132758284800000000" Dst="0" />
<file name="jquery.bootstrap-touchspin.js" server="ftp.aldale.com" local="132729828000000000" remote="132758284800000000" Dst="0" />
<file name="jquery.countTo.js" server="ftp.aldale.com" local="132729828000000000" remote="132758284800000000" Dst="0" />
<file name="jquery-ui.js" server="ftp.aldale.com" local="132729828000000000" remote="132758284800000000" Dst="0" />
<file name="jquery.js" server="ftp.aldale.com" local="132729828000000000" remote="132758284800000000" Dst="0" />
<file name="jquery.fancybox.js" server="ftp.aldale.com" local="132729828000000000" remote="132758284800000000" Dst="0" />
<file name="jquery.nice-select.min.js" server="ftp.aldale.com" local="132729828000000000" remote="132758284800000000" Dst="0" />
<file name="jquery.paroller.min.js" server="ftp.aldale.com" local="132729828000000000" remote="132758284800000000" Dst="0" />
<file name="map-helper.js" server="ftp.aldale.com" local="132729828000000000" remote="132758284800000000" Dst="0" />
<file name="nav-tool.js" server="ftp.aldale.com" local="132729828000000000" remote="132758284800000000" Dst="0" />
<file name="owl.js" server="ftp.aldale.com" local="132729828000000000" remote="132758284800000000" Dst="0" />
<file name="pagenav.js" server="ftp.aldale.com" local="132729828000000000" remote="132758284800000000" Dst="0" />
<file name="popper.min.js" server="ftp.aldale.com" local="132729828000000000" remote="132758284800000000" Dst="0" />
<file name="script.js" server="ftp.aldale.com" local="132729828000000000" remote="132758284800000000" Dst="0" />
<file name="scrollbar.js" server="ftp.aldale.com" local="132729828000000000" remote="132758284800000000" Dst="0" />
<file name="wow.js" server="ftp.aldale.com" local="132729828000000000" remote="132758284800000000" Dst="0" />
<file name="validation.js" server="ftp.aldale.com" local="132729828000000000" remote="132758284800000000" Dst="0" />
</dwsync>