<?xml version="1.0" encoding="utf-8" ?>
<dwsync>
<file name="about-1.jpg" server="ftp.joyancy.com" local="132729827400000000" remote="132753954000000000" Dst="0" />
<file name="about-2.jpg" server="ftp.joyancy.com" local="132729827400000000" remote="132753954000000000" Dst="0" />
<file name="about-3.jpg" server="ftp.joyancy.com" local="132729827400000000" remote="132753954000000000" Dst="0" />
<file name="advice-1.jpg" server="ftp.joyancy.com" local="132729827400000000" remote="132753954000000000" Dst="0" />
<file name="faq-1.jpg" server="ftp.joyancy.com" local="132729827400000000" remote="132753954000000000" Dst="0" />
<file name="review-1.png" server="ftp.joyancy.com" local="132729827400000000" remote="132753954000000000" Dst="0" />
<file name="review-2.png" server="ftp.joyancy.com" local="132729827400000000" remote="132753954000000000" Dst="0" />
<file name="testimonial-1.png" server="ftp.joyancy.com" local="132729827400000000" remote="132753954000000000" Dst="0" />
<file name="testimonial-2.png" server="ftp.joyancy.com" local="132729827400000000" remote="132753954000000000" Dst="0" />
<file name="about-1.jpg" server="ftp.aldale.com" local="132729827400000000" remote="132758284200000000" Dst="0" />
<file name="about-2.jpg" server="ftp.aldale.com" local="132729827400000000" remote="132758284200000000" Dst="0" />
<file name="about-3.jpg" server="ftp.aldale.com" local="132729827400000000" remote="132758284200000000" Dst="0" />
<file name="advice-1.jpg" server="ftp.aldale.com" local="132729827400000000" remote="132758284200000000" Dst="0" />
<file name="faq-1.jpg" server="ftp.aldale.com" local="132729827400000000" remote="132758284200000000" Dst="0" />
<file name="review-1.png" server="ftp.aldale.com" local="132729827400000000" remote="132758284200000000" Dst="0" />
<file name="review-2.png" server="ftp.aldale.com" local="132729827400000000" remote="132758284200000000" Dst="0" />
<file name="testimonial-1.png" server="ftp.aldale.com" local="132729827400000000" remote="132758284800000000" Dst="0" />
<file name="testimonial-2.png" server="ftp.aldale.com" local="132729827400000000" remote="132758284800000000" Dst="0" />
</dwsync>