<?xml version="1.0" encoding="utf-8" ?>
<dwsync>
<file name="team-1.jpg" server="ftp.joyancy.com" local="132729827400000000" remote="132753954000000000" Dst="0" />
<file name="team-2.jpg" server="ftp.joyancy.com" local="132729827400000000" remote="132753954000000000" Dst="0" />
<file name="team-3.jpg" server="ftp.joyancy.com" local="132729827400000000" remote="132753954000000000" Dst="0" />
<file name="team-4.jpg" server="ftp.joyancy.com" local="132729827400000000" remote="132753954000000000" Dst="0" />
<file name="team-1.jpg" server="ftp.aldale.com" local="132729827400000000" remote="132758284800000000" Dst="0" />
<file name="team-2.jpg" server="ftp.aldale.com" local="132729827400000000" remote="132758284800000000" Dst="0" />
<file name="team-3.jpg" server="ftp.aldale.com" local="132729827400000000" remote="132758284800000000" Dst="0" />
<file name="team-4.jpg" server="ftp.aldale.com" local="132729827400000000" remote="132758284800000000" Dst="0" />
</dwsync>