<?xml version="1.0" encoding="utf-8" ?>
<dwsync>
<file name="banner-1.jpg" server="ftp.joyancy.com" local="132732519681879145" remote="132753953400000000" Dst="0" />
<file name="banner-2.jpg" server="ftp.joyancy.com" local="132732519685195032" remote="132753953400000000" Dst="0" />
<file name="banner-image-1.jpg" server="ftp.joyancy.com" local="132732519697989124" remote="132753953400000000" Dst="0" />
<file name="banner-3.jpg" server="ftp.joyancy.com" local="132732519707516061" remote="132753953400000000" Dst="0" />
<file name="banner-image-2.jpg" server="ftp.joyancy.com" local="132732519730781965" remote="132753953400000000" Dst="0" />
<file name="banner-image-3.jpg" server="ftp.joyancy.com" local="132732519730961485" remote="132753953400000000" Dst="0" />
<file name="banner-image-4.jpg" server="ftp.joyancy.com" local="132732519744835508" remote="132753953400000000" Dst="0" />
<file name="banner-image-11.jpg" server="ftp.joyancy.com" local="132753274651483851" remote="132753953400000000" Dst="0" />
<file name="未标题-1.psd" server="ftp.joyancy.com" local="132753330488379035" remote="132753953400000000" Dst="0" />
<file name="banner-image-21.jpg" server="ftp.joyancy.com" local="132754080282932879" remote="132754656000000000" Dst="0" />
<file name="banner-image-31.jpg" server="ftp.joyancy.com" local="132754160603738402" remote="132754656000000000" Dst="0" />
<file name="banner-image-41.jpg" server="ftp.joyancy.com" local="132754593111557861" remote="132754656000000000" Dst="0" />
<file name="banner-image-32.jpg" server="ftp.joyancy.com" local="132754162974860058" remote="132754656000000000" Dst="0" />
<file name="banner-image-42.jpg" server="ftp.joyancy.com" local="132754620432671845" remote="132754656000000000" Dst="0" />
<file name="banner-image-51.jpg" server="ftp.joyancy.com" local="132754629139280672" remote="132754656000000000" Dst="0" />
<file name="banner-image-52.jpg" server="ftp.joyancy.com" local="132754639966585145" remote="132754656000000000" Dst="0" />
<file name="banner-image-61.jpg" server="ftp.joyancy.com" local="132754653017057883" remote="132754656000000000" Dst="0" />
<file name="banner-image-62.jpg" server="ftp.joyancy.com" local="132754654236254540" remote="132754656000000000" Dst="0" />
<file name="0d1ee0a1b6103aeb.jpg" server="ftp.aldale.com" local="132754575601777193" remote="132758283600000000" Dst="0" />
<file name="17521523124_1893051882.jpg" server="ftp.aldale.com" local="132754111793528160" remote="132758283600000000" Dst="0" />
<file name="383x590.jpg" server="ftp.aldale.com" local="132754080021133752" remote="132758283600000000" Dst="0" />
<file name="2398375.jpg" server="ftp.aldale.com" local="132754617267332213" remote="132758283600000000" Dst="0" />
<file name="56df12d927f80e23.jpg" server="ftp.aldale.com" local="132754575820404757" remote="132758283600000000" Dst="0" />
<file name="6cec565de4b8732a.jpg" server="ftp.aldale.com" local="132753971123507252" remote="132758283600000000" Dst="0" />
<file name="495x690.psd" server="ftp.aldale.com" local="132754160298528654" remote="132758283600000000" Dst="0" />
<file name="7cdc0c370435c438.jpg" server="ftp.aldale.com" local="132754575295807344" remote="132758283600000000" Dst="0" />
<file name="383x590.psd" server="ftp.aldale.com" local="132754079894437736" remote="132758283600000000" Dst="0" />
<file name="7c730650136059e6.jpg" server="ftp.aldale.com" local="132754576431757782" remote="132758283600000000" Dst="0" />
<file name="b3349c47e82e5ae9.jpg" server="ftp.aldale.com" local="132754161966412895" remote="132758283600000000" Dst="0" />
<file name="banner-1.jpg" server="ftp.aldale.com" local="132732519681879145" remote="132758283600000000" Dst="0" />
<file name="banner-2.jpg" server="ftp.aldale.com" local="132732519685195032" remote="132758283600000000" Dst="0" />
<file name="banner-3.jpg" server="ftp.aldale.com" local="132732519707516061" remote="132758283600000000" Dst="0" />
<file name="banner-image-1.jpg" server="ftp.aldale.com" local="132732519697989124" remote="132758283600000000" Dst="0" />
<file name="banner-image-11.jpg" server="ftp.aldale.com" local="132753274651483851" remote="132758283600000000" Dst="0" />
<file name="banner-image-2.jpg" server="ftp.aldale.com" local="132732519730781965" remote="132758283600000000" Dst="0" />
<file name="banner-image-21.jpg" server="ftp.aldale.com" local="132754080282932879" remote="132758283600000000" Dst="0" />
<file name="banner-image-3.jpg" server="ftp.aldale.com" local="132732519730961485" remote="132758283600000000" Dst="0" />
<file name="banner-image-31.jpg" server="ftp.aldale.com" local="132754160603738402" remote="132758283600000000" Dst="0" />
<file name="banner-image-32.jpg" server="ftp.aldale.com" local="132754162974860058" remote="132758283600000000" Dst="0" />
<file name="banner-image-4.jpg" server="ftp.aldale.com" local="132732519744835508" remote="132758283600000000" Dst="0" />
<file name="banner-image-41.jpg" server="ftp.aldale.com" local="132754593111557861" remote="132758283600000000" Dst="0" />
<file name="banner-image-42.jpg" server="ftp.aldale.com" local="132754620432671845" remote="132758283600000000" Dst="0" />
<file name="banner-image-51.jpg" server="ftp.aldale.com" local="132754629139280672" remote="132758283600000000" Dst="0" />
<file name="banner-image-52.jpg" server="ftp.aldale.com" local="132754639966585145" remote="132758283600000000" Dst="0" />
<file name="banner-image-61.jpg" server="ftp.aldale.com" local="132754653017057883" remote="132758283600000000" Dst="0" />
<file name="banner-image-62.jpg" server="ftp.aldale.com" local="132754654236254540" remote="132758283600000000" Dst="0" />
<file name="c818f042b70cb469.jpg" server="ftp.aldale.com" local="132754158921913854" remote="132758283600000000" Dst="0" />
<file name="c5f3678c27a25eac.jpg" server="ftp.aldale.com" local="132754628564870238" remote="132758283600000000" Dst="0" />
<file name="太阳能射灯.jpg" server="ftp.aldale.com" local="132754677309318990" remote="132758284200000000" Dst="0" />
<file name="dfe14b98baba461f.jpg" server="ftp.aldale.com" local="132754576875309854" remote="132758284200000000" Dst="0" />
<file name="微信图片_20210907125025.png" server="ftp.aldale.com" local="132754638199940304" remote="132758284200000000" Dst="0" />
<file name="未标题-1.psd" server="ftp.aldale.com" local="132753330488379035" remote="132758284200000000" Dst="0" />
</dwsync>