<?xml version="1.0" encoding="utf-8" ?>
<dwsync>
<file name="footer-logo.png" server="ftp.joyancy.com" local="132748544530308991" remote="132753953400000000" Dst="0" />
<file name="logo-2.png" server="ftp.joyancy.com" local="132732536941679680" remote="132754656000000000" Dst="0" />
<file name="logo-3.png" server="ftp.joyancy.com" local="132732550484882816" remote="132754656000000000" Dst="0" />
<file name="logo.png" server="ftp.joyancy.com" local="132732536941679680" remote="132753953400000000" Dst="0" />
<file name="logo1.png" server="ftp.joyancy.com" local="132731666400000000" remote="132753953400000000" Dst="0" />
<file name="aldale180x125.png" server="ftp.joyancy.com" local="132749511616616957" remote="132753953400000000" Dst="0" />
<file name="footer-logo22.png" server="ftp.joyancy.com" local="132749509656037679" remote="132753953400000000" Dst="0" />
<file name="footer-logo31.png" server="ftp.joyancy.com" local="132749511616616957" remote="132753953400000000" Dst="0" />
<file name="aldale180x125.png" server="ftp.aldale.com" local="132749511616616957" remote="132758283600000000" Dst="0" />
<file name="footer-logo22.png" server="ftp.aldale.com" local="132749509656037679" remote="132758284200000000" Dst="0" />
<file name="footer-logo.png" server="ftp.aldale.com" local="132748544530308991" remote="132758284200000000" Dst="0" />
<file name="footer-logo31.png" server="ftp.aldale.com" local="132749511616616957" remote="132758284200000000" Dst="0" />
<file name="logo-2.png" server="ftp.aldale.com" local="132732536941679680" remote="132758284200000000" Dst="0" />
<file name="logo-3.png" server="ftp.aldale.com" local="132732550484882816" remote="132760499400000000" Dst="0" />
<file name="logo.png" server="ftp.aldale.com" local="132732536941679680" remote="132760499400000000" Dst="0" />
<file name="logo1.png" server="ftp.aldale.com" local="132731666400000000" remote="132760499400000000" Dst="0" />
</dwsync>