<?xml version="1.0" encoding="utf-8" ?>
<dwsync>
<file name="Flaticon.woff2" server="ftp.joyancy.com" local="132732519615729248" remote="132753953400000000" Dst="0" />
<file name="fa-brands-400.woff2" server="ftp.joyancy.com" local="132732519621189677" remote="132753953400000000" Dst="0" />
<file name="fa-regular-400.woff2" server="ftp.joyancy.com" local="132732519636620290" remote="132753953400000000" Dst="0" />
<file name="fa-solid-900.woff2" server="ftp.joyancy.com" local="132732519648906216" remote="132753953400000000" Dst="0" />
<file name="fa-light-300.woff2" server="ftp.joyancy.com" local="132732519650820816" remote="132753953400000000" Dst="0" />
<file name="fa-brands-400.woff2" server="ftp.aldale.com" local="132732519621189677" remote="132758283600000000" Dst="0" />
<file name="fa-light-300.woff2" server="ftp.aldale.com" local="132732519650820816" remote="132758283600000000" Dst="0" />
<file name="fa-solid-900.woff2" server="ftp.aldale.com" local="132732519648906216" remote="132758283600000000" Dst="0" />
<file name="fa-regular-400.woff2" server="ftp.aldale.com" local="132732519636620290" remote="132758283600000000" Dst="0" />
<file name="Flaticon.woff2" server="ftp.aldale.com" local="132732519615729248" remote="132758283600000000" Dst="0" />
</dwsync>