<?xml version="1.0" encoding="utf-8" ?>
<dwsync>
<file name="gallery-2.jpg" server="ftp.joyancy.com" local="132732519815537777" remote="132753953400000000" Dst="0" />
<file name="gallery-3.jpg" server="ftp.joyancy.com" local="132732519839033424" remote="132753953400000000" Dst="0" />
<file name="gallery-4.jpg" server="ftp.joyancy.com" local="132732519854989249" remote="132753953400000000" Dst="0" />
<file name="gallery-1.jpg" server="ftp.joyancy.com" local="132732519857711623" remote="132753953400000000" Dst="0" />
<file name="gallery-5.jpg" server="ftp.joyancy.com" local="132732519868733864" remote="132753953400000000" Dst="0" />
<file name="gallery-7.jpg" server="ftp.joyancy.com" local="132732519878974935" remote="132753953400000000" Dst="0" />
<file name="gallery-6.jpg" server="ftp.joyancy.com" local="132732519880600620" remote="132753953400000000" Dst="0" />
<file name="gallery-8.jpg" server="ftp.joyancy.com" local="132732519888682003" remote="132753953400000000" Dst="0" />
<file name="gallery-9.jpg" server="ftp.joyancy.com" local="132732519901393384" remote="132753953400000000" Dst="0" />
<file name="gallery-1.jpg" server="ftp.aldale.com" local="132732519857711623" remote="132758284200000000" Dst="0" />
<file name="gallery-2.jpg" server="ftp.aldale.com" local="132732519815537777" remote="132758284200000000" Dst="0" />
<file name="gallery-3.jpg" server="ftp.aldale.com" local="132732519839033424" remote="132758284200000000" Dst="0" />
<file name="gallery-4.jpg" server="ftp.aldale.com" local="132732519854989249" remote="132758284200000000" Dst="0" />
<file name="gallery-5.jpg" server="ftp.aldale.com" local="132732519868733864" remote="132758284200000000" Dst="0" />
<file name="gallery-7.jpg" server="ftp.aldale.com" local="132732519878974935" remote="132758284200000000" Dst="0" />
<file name="gallery-6.jpg" server="ftp.aldale.com" local="132732519880600620" remote="132758284200000000" Dst="0" />
<file name="gallery-8.jpg" server="ftp.aldale.com" local="132732519888682003" remote="132758284200000000" Dst="0" />
<file name="gallery-9.jpg" server="ftp.aldale.com" local="132732519901393384" remote="132758284200000000" Dst="0" />
</dwsync>