<?xml version="1.0" encoding="utf-8" ?>
<dwsync>
<file name="clients-logo-2.png" server="ftp.joyancy.com" local="132732519740875955" remote="132753953400000000" Dst="0" />
<file name="clients-logo-1.png" server="ftp.joyancy.com" local="132732519740925546" remote="132753953400000000" Dst="0" />
<file name="clients-logo-5.png" server="ftp.joyancy.com" local="132732519762139152" remote="132753953400000000" Dst="0" />
<file name="clients-logo-4.png" server="ftp.joyancy.com" local="132732519783363792" remote="132753953400000000" Dst="0" />
<file name="clients-logo-3.png" server="ftp.joyancy.com" local="132729826800000000" remote="132753953400000000" Dst="0" />
<file name="clients-logo-1.png" server="ftp.aldale.com" local="132732519740925546" remote="132758284200000000" Dst="0" />
<file name="clients-logo-3.png" server="ftp.aldale.com" local="132729826800000000" remote="132758284200000000" Dst="0" />
<file name="clients-logo-2.png" server="ftp.aldale.com" local="132732519740875955" remote="132758284200000000" Dst="0" />
<file name="clients-logo-5.png" server="ftp.aldale.com" local="132732519762139152" remote="132758284200000000" Dst="0" />
<file name="clients-logo-4.png" server="ftp.aldale.com" local="132732519783363792" remote="132758284200000000" Dst="0" />
</dwsync>