<?xml version="1.0" encoding="utf-8" ?>
<dwsync>
<file name="post-1.jpg" server="ftp.joyancy.com" local="132729827400000000" remote="132753954000000000" Dst="0" />
<file name="post-2.jpg" server="ftp.joyancy.com" local="132729827400000000" remote="132753954000000000" Dst="0" />
<file name="post-3.jpg" server="ftp.joyancy.com" local="132729827400000000" remote="132753954000000000" Dst="0" />
<file name="shop-1.jpg" server="ftp.joyancy.com" local="132729827400000000" remote="132753954000000000" Dst="0" />
<file name="shop-10.jpg" server="ftp.joyancy.com" local="132729827400000000" remote="132753954000000000" Dst="0" />
<file name="shop-2.jpg" server="ftp.joyancy.com" local="132729827400000000" remote="132753954000000000" Dst="0" />
<file name="shop-3.jpg" server="ftp.joyancy.com" local="132729827400000000" remote="132753954000000000" Dst="0" />
<file name="shop-4.jpg" server="ftp.joyancy.com" local="132729827400000000" remote="132753954000000000" Dst="0" />
<file name="shop-5.jpg" server="ftp.joyancy.com" local="132729827400000000" remote="132753954000000000" Dst="0" />
<file name="shop-6.jpg" server="ftp.joyancy.com" local="132729827400000000" remote="132753954000000000" Dst="0" />
<file name="shop-7.jpg" server="ftp.joyancy.com" local="132729827400000000" remote="132753954000000000" Dst="0" />
<file name="shop-8.jpg" server="ftp.joyancy.com" local="132729827400000000" remote="132753954000000000" Dst="0" />
<file name="shop-9.jpg" server="ftp.joyancy.com" local="132729827400000000" remote="132753954000000000" Dst="0" />
<file name="shop-single-1.jpg" server="ftp.joyancy.com" local="132729827400000000" remote="132753954000000000" Dst="0" />
<file name="shop-single-2.jpg" server="ftp.joyancy.com" local="132729827400000000" remote="132753954000000000" Dst="0" />
<file name="shop-single-3.jpg" server="ftp.joyancy.com" local="132729827400000000" remote="132753954000000000" Dst="0" />
<file name="single-thumb-1.jpg" server="ftp.joyancy.com" local="132729827400000000" remote="132753954000000000" Dst="0" />
<file name="single-thumb-2.jpg" server="ftp.joyancy.com" local="132729827400000000" remote="132753954000000000" Dst="0" />
<file name="single-thumb-3.jpg" server="ftp.joyancy.com" local="132729827400000000" remote="132753954000000000" Dst="0" />
<file name="post-1.jpg" server="ftp.aldale.com" local="132729827400000000" remote="132758284200000000" Dst="0" />
<file name="post-2.jpg" server="ftp.aldale.com" local="132729827400000000" remote="132758284200000000" Dst="0" />
<file name="post-3.jpg" server="ftp.aldale.com" local="132729827400000000" remote="132758284200000000" Dst="0" />
<file name="shop-10.jpg" server="ftp.aldale.com" local="132729827400000000" remote="132758284200000000" Dst="0" />
<file name="shop-2.jpg" server="ftp.aldale.com" local="132758314671213638" remote="132758319000000000" Dst="0" />
<file name="shop-1.jpg" server="ftp.aldale.com" local="132758315784889284" remote="132758319000000000" Dst="0" />
<file name="shop-3.jpg" server="ftp.aldale.com" local="132758307409049515" remote="132758319000000000" Dst="0" />
<file name="shop-4.jpg" server="ftp.aldale.com" local="132758298964249811" remote="132758319000000000" Dst="0" />
<file name="shop-5.jpg" server="ftp.aldale.com" local="132758304316813095" remote="132758319000000000" Dst="0" />
<file name="shop-6.jpg" server="ftp.aldale.com" local="132758318977621769" remote="132758319000000000" Dst="0" />
<file name="shop-7.jpg" server="ftp.aldale.com" local="132729827400000000" remote="132758284200000000" Dst="0" />
<file name="shop-8.jpg" server="ftp.aldale.com" local="132729827400000000" remote="132758284200000000" Dst="0" />
<file name="shop-9.jpg" server="ftp.aldale.com" local="132729827400000000" remote="132758284200000000" Dst="0" />
<file name="shop-single-1.jpg" server="ftp.aldale.com" local="132729827400000000" remote="132758284200000000" Dst="0" />
<file name="shop-single-2.jpg" server="ftp.aldale.com" local="132729827400000000" remote="132758284800000000" Dst="0" />
<file name="shop-single-3.jpg" server="ftp.aldale.com" local="132729827400000000" remote="132758284800000000" Dst="0" />
<file name="single-thumb-1.jpg" server="ftp.aldale.com" local="132729827400000000" remote="132758284800000000" Dst="0" />
<file name="single-thumb-2.jpg" server="ftp.aldale.com" local="132729827400000000" remote="132758284800000000" Dst="0" />
<file name="single-thumb-3.jpg" server="ftp.aldale.com" local="132729827400000000" remote="132758284800000000" Dst="0" />
<file name="shop-31.jpg" server="ftp.aldale.com" local="132729827400000000" remote="132758319000000000" Dst="0" />
</dwsync>